Name,Age,Email,Height,Weight
Michael Ramsey,43,amcfarland@example.com,164,67
Bob Castaneda,24,powersmichael@example.com,196,89
Jonathan Hopkins,49,lewiskevin@example.net,163,86
James Mcgrath,38,william94@example.com,192,61
Matthew Mitchell,43,ryan54@example.com,190,97
Jamie Williams,28,daniel26@example.net,167,82
Hannah Mcintosh,27,blankenshipaaron@example.org,166,75
Cheryl Washington,31,colemanebony@example.net,171,84
Jessica Murray,29,jessica79@example.com,183,86
Stephen Christian,37,stephanie48@example.org,195,77
Wesley Humphrey,43,princeangela@example.net,160,71
Brian Bender,42,johnbrown@example.net,193,80
Nicole Morgan,36,davisaaron@example.org,179,64
Michael Morales,36,sherryjackson@example.net,165,91
William Torres,24,christina62@example.com,170,98
James Thomas,35,kadams@example.net,174,85
Patrick Durham,31,deanmyers@example.net,151,66
Elizabeth Hill,25,david01@example.net,173,62
Richard Edwards,38,christinalawrence@example.org,171,86
Jordan Hurst,30,sdavis@example.net,172,69
Dale Jones,23,thomas31@example.org,191,71
Andrew Simpson,33,mirandanelson@example.org,179,95
Luke Diaz,27,robert46@example.com,180,50
Christina Palmer,46,swright@example.com,160,54
Maria Wang,36,john92@example.org,166,95
Peter Martin,42,kathleen08@example.org,161,73
Kathleen Hernandez,28,smorales@example.net,190,63
Wayne Green,39,jessicahughes@example.com,164,98
Wanda Swanson,49,sshelton@example.com,160,59
Michelle Jones,27,brendahanna@example.net,184,71
Kimberly Cooper,46,danavaldez@example.net,155,91
Kayla Watkins,27,larsenjustin@example.com,198,55
Charles Sutton,33,bryanhaynes@example.net,192,74
Michelle Craig,31,john72@example.org,153,54
Aimee Smith,43,jasonmarsh@example.com,184,88
Renee Adams,39,tamarahiggins@example.org,152,70
Deanna Aguirre,42,umckay@example.net,184,78
Pamela Cross,40,flynnamanda@example.org,159,91
Kelly Rodriguez,30,christopher71@example.net,165,87
Jason Ferrell,39,jeanhamilton@example.com,187,72
Angela Sullivan,27,leesamantha@example.net,157,54
Amy Weeks,42,nlong@example.net,199,59
Andrea Price,36,gordonvictor@example.net,157,65
Marcus Bradford,46,sheliawalters@example.com,160,90
Kelly Glover,33,gallen@example.net,169,63
Justin Scott,38,burnskristin@example.net,197,96
Sandra Jimenez,49,butlermarcia@example.com,193,80
Christopher Ortega,41,hclark@example.net,155,97
Heidi Jones,27,fmitchell@example.net,156,67
Peggy Smith,31,nathanavery@example.com,188,65
Jessica Hull,35,ygriffith@example.com,168,91
Peter Johnson,40,mikebell@example.net,193,97
Ebony Whitehead,21,amandaharrison@example.org,163,66
April Moore,45,xbeard@example.net,193,59
Tony Ramos,42,theresasimon@example.org,182,96
Richard Adams,23,ramirezdavid@example.com,164,57
Mr. Ricky Golden,33,vcoleman@example.org,180,66
Amanda Henderson DVM,25,dominicschwartz@example.org,184,62
Kevin Molina,27,kristine20@example.com,199,53
Toni Trujillo,34,mmiller@example.org,167,72
Patrick Jackson,39,matthew87@example.net,189,70
Sara Hunt,49,jerrypatel@example.com,172,50
Danny Cook,26,virginia31@example.org,187,88
Douglas Tucker,44,jlamb@example.net,193,70
Philip Thomas,49,apowell@example.net,179,78
Tammy Hill,28,parkzachary@example.com,174,58
Melinda Harper,33,david64@example.com,173,52
Matthew Thomas,46,shannongreen@example.com,180,79
Aaron Mahoney,39,christopher39@example.net,178,90
Christopher Elliott,38,briansmith@example.org,170,60
Gwendolyn Hanson,27,marthaluna@example.net,172,75
Cynthia Hernandez,29,pcampbell@example.com,172,77
Katherine Gutierrez,40,joseph92@example.net,180,80
Richard Boyd,31,vkelly@example.com,184,87
Timothy Berry,35,pelliott@example.com,188,78
Robert Taylor,43,shayden@example.org,184,84
Angela Chan,25,robertkhan@example.org,181,85
Shawn Johnson,45,keithanderson@example.com,187,87
Darius Lin,37,anthony62@example.org,196,78
Dustin Rodriguez,34,mnelson@example.com,161,87
Sara Lee,45,marissamiranda@example.net,166,78
Carolyn Johnston,45,hmurphy@example.net,168,79
Gloria Morales,27,gklein@example.org,190,83
Christopher Boyd,27,csanchez@example.net,174,72
Erik Greene,42,annfaulkner@example.net,185,54
Kayla Graham,43,edward58@example.net,164,84
Felicia Wright,33,leerebecca@example.org,171,86
Shane Bowen,41,cooperjacob@example.net,168,72
Joshua Jacobson,32,cherrystacey@example.com,177,51
Kimberly White,31,ellisryan@example.org,161,81
Kimberly Hayes,21,tgomez@example.net,176,75
Adam Sanchez,22,jrice@example.org,196,87
Christine Garcia,37,nsalazar@example.org,198,55
Jose Parker,41,rtaylor@example.com,199,72
Darin Howell,27,ybrady@example.com,199,89
William Lane,44,waltersjeffery@example.net,163,65
Richard Cortez,25,smithdavid@example.net,160,86
Joseph Brown,35,emilytucker@example.net,169,60
Kenneth Vazquez,37,dbell@example.net,151,98
Christine Jones,40,jacksonalicia@example.com,194,80
Miss Wanda Potts DDS,40,bdoyle@example.com,183,68
Gary Owens,41,johnnymyers@example.com,169,63
Jerry Tran,43,pedrocooper@example.org,165,99
Robert Gardner,38,jenniferfoster@example.org,192,99
Christopher Dodson,22,susan57@example.com,151,72
John Collins,23,denise51@example.net,155,58
Russell Smith,34,cervantesthomas@example.net,153,95
Michelle Hunt,25,taylormark@example.com,156,80
James Sexton,31,eric54@example.net,152,70
Evan Campos,30,davidmorgan@example.com,196,72
Melissa Page,28,erica63@example.org,188,86
Jonathan Roberts,26,michaelmendoza@example.org,180,73
Mary Wilson,34,andrealopez@example.com,161,91
Angela Hamilton DVM,26,nicholassanchez@example.net,196,60
Melinda Durham,32,pstevens@example.net,195,89
Leslie Johnson,42,stricklandkenneth@example.com,162,51
Arthur Davis,23,peter99@example.net,174,77
Kristine Mueller,48,robert78@example.net,162,87
Randy Vazquez,29,jeffery23@example.org,180,99
Eric Parks,46,william46@example.org,176,86
Albert Henry,39,alison79@example.org,159,99
Benjamin Lopez,47,fcopeland@example.org,176,89
Arthur Rosales,38,johnestes@example.net,159,54
Joseph Adams,42,sanchezkevin@example.org,152,80
Ashley Richards,41,davidstark@example.com,163,65
John Fuller,25,thomasmichael@example.com,161,74
Joshua Gonzalez,34,kchan@example.org,163,71
Christopher King,43,adamsjimmy@example.org,160,91
Christopher Sanford,47,wilsonpaula@example.org,157,63
Katherine Myers,29,carternicole@example.org,180,72
Thomas Washington,34,matthewsanchez@example.net,153,91
Mark Solis,38,dennis57@example.com,173,80
Janet Carpenter,25,cclark@example.com,188,56
Robert Burke,31,smithjessica@example.com,152,78
Christopher Payne,26,amymiller@example.com,160,53
Michelle Martin,22,brendacunningham@example.org,161,79
Susan Stevens,38,brownwilliam@example.org,168,81
Jennifer Cortez,40,april78@example.com,162,76
Linda Wilson,33,lisa87@example.org,176,92
Steven Rose,23,jason01@example.net,157,52
Patrick Dickson,41,cervanteskevin@example.net,196,81
Lori Davis,47,makayla83@example.com,181,91
Julia Lambert,25,daviddavis@example.com,153,86
Samantha Gilbert,38,jennifer44@example.net,177,89
Jeffrey Peterson,49,theodore42@example.com,199,85
Stacey Cox,48,gilbertbryant@example.org,199,52
Leonard Williams,31,boylelucas@example.net,169,72
Philip Mccarthy,47,marie46@example.org,172,57
Elizabeth Hubbard,26,ginabarker@example.net,188,51
Scott Brooks,34,abailey@example.org,161,85
Troy Williams,30,douglasmerritt@example.net,188,98
Heidi White,23,caseymedina@example.com,158,85
Kelsey Gallagher,46,paulacooper@example.net,156,72
Richard Simmons,33,ewoodard@example.net,154,61
Kelly Reyes,43,jason41@example.com,157,66
Angela Carter,49,ashley88@example.net,197,52
Michael Hamilton,21,lopezleon@example.com,178,99
Cindy Peterson,49,dkline@example.org,160,81
Stephanie Lam,26,oscott@example.com,153,65
Lori Adams MD,36,kendra01@example.com,159,78
David Vargas,38,jonesbrian@example.org,194,83
Carmen Crawford,43,shannon98@example.net,158,87
Frank Neal,26,zjohnson@example.org,161,71
Angela Delacruz,40,pcherry@example.org,164,63
Tyler Jarvis,32,bradleyeric@example.net,168,51
Deborah Larsen,30,sierrahurst@example.org,154,50
Terrence Gomez,45,nicholas33@example.org,179,90
Brittany Vega,44,rebecca34@example.org,160,85
George Bradley,30,bdoyle@example.org,192,96
Ashley Cabrera,33,clarkdana@example.org,192,55
Brad Anderson,39,otaylor@example.net,165,68
Lindsey Smith,46,aguilarmary@example.com,152,58
Bobby Fletcher,25,kelly32@example.com,175,57
Michelle Kirby,45,brownmark@example.com,170,74
Victoria Browning,48,ahull@example.org,167,95
Elizabeth Rodriguez,48,parrishkatherine@example.net,199,51
Emily Nash,23,faulknerandrew@example.com,165,58
Joseph Trujillo,34,meaganjohnson@example.com,182,84
Jessica Spencer,32,gonzaleznancy@example.org,176,75
Rebecca Bailey,41,kathryn79@example.net,181,63
Mr. Austin Morris,30,lisaclark@example.com,160,86
Elizabeth Lee,31,marcussmith@example.net,193,63
Sarah Spencer,24,brooksjessica@example.net,197,79
Pamela Castro,43,mwest@example.com,180,73
Karen Cook,49,catherine44@example.net,150,52
Richard Taylor,27,nmcdowell@example.com,157,96
Taylor Abbott,33,jdean@example.net,197,50
Shannon Manning,31,holtvincent@example.com,154,77
Anne Ortiz,38,barberkevin@example.net,187,56
Whitney Romero,35,joseph47@example.net,193,68
Corey Miller,22,fullerandrew@example.com,191,99
Charles Wilson,32,dmay@example.org,171,97
David Phillips,39,foxjohn@example.com,166,71
Jared Webb,32,kristinapham@example.net,160,83
Charlotte Wright,33,kimberlyserrano@example.com,174,80
Terry Vasquez,27,stacey12@example.net,152,99
Nicole Jones,37,tiffanyroberts@example.net,169,73
Michael Baker,32,christopherromero@example.com,154,60
David Huerta,39,emcintyre@example.org,155,89
Jo Foster,46,kochjohn@example.org,158,52
Nicole Johnson,49,jamieporter@example.org,194,73
James Fowler,49,michael60@example.net,190,53
Dr. Andrea Matthews,22,operry@example.org,173,94
Christopher Mitchell,45,april78@example.org,195,52
Caleb Santiago,23,ryanstephanie@example.org,188,58
Sandy Warren,31,ovalencia@example.net,150,62
Austin Shields,29,lgarcia@example.net,174,77
John Livingston,23,vhamilton@example.net,195,58
Lauren Cisneros,28,boconnor@example.com,164,59
Samuel Gonzales,42,cynthia55@example.net,166,98
John Stewart,44,rachel06@example.com,169,91
Nancy Wallace,34,qdurham@example.net,164,63
Debra Lee,31,nelsonwilliam@example.org,192,68
Alexandria Zimmerman,43,linleah@example.net,164,93
Chad Bryant,32,castillokristen@example.com,173,85
Hannah Clayton DDS,48,higginsamanda@example.net,180,74
Justin Baird,45,kevin71@example.org,153,69
Eric Sosa,47,ponceemily@example.org,160,79
Christopher Taylor,46,sreynolds@example.net,177,87
Jeremy Rodriguez,36,rterry@example.net,192,90
Christopher Lloyd,32,wschmidt@example.com,173,74
Danielle Nelson,34,daviddyer@example.com,191,90
Richard Bridges,45,brownjames@example.org,150,59
Deanna Bennett,38,tdixon@example.com,154,77
Brian Simmons,42,cowancaitlin@example.com,196,84
Bernard Mahoney,43,iaguilar@example.com,154,59
Ryan Pacheco,36,valerie72@example.net,199,81
Nancy Marsh,29,lrichardson@example.com,195,68
Jill Barron,31,michaelmoreno@example.org,151,57
Bradley Brennan,49,alejandrodavis@example.org,196,56
Brian Jackson,40,alexanderschwartz@example.net,192,84
Michael Bell,37,jonathan26@example.net,154,71
Brent Ferguson,32,nkelly@example.org,158,82
Keith Watson,29,leahbrowning@example.com,199,58
Steven Sanchez,30,joshua11@example.net,154,86
Bethany Jacobs,21,baileymary@example.net,157,85
Susan Jackson,33,rgreen@example.org,170,80
Joseph Reynolds,36,charvey@example.com,177,74
Regina George,45,josephpope@example.com,179,97
Misty Smith,38,helen14@example.org,158,52
Laurie Frost,49,jacksonjames@example.com,169,61
Kelly Bennett,32,robert01@example.org,174,93
Brandy Zimmerman,36,gcastro@example.net,181,58
John Gonzalez,22,tsimmons@example.org,179,70
Rebecca Brown,47,jkim@example.com,191,53
Emma Romero,44,patrickhudson@example.org,197,57
Robert Martin,49,david50@example.com,185,95
Cheryl Cross,29,erik65@example.com,194,86
Sandra Walsh,26,melissasimpson@example.org,172,90
Jesse White,46,jayspence@example.org,193,56
Edward Lewis,48,rwalker@example.org,163,82
Matthew Wilson,41,christinewilliams@example.org,186,91
Sarah Davis,44,michael35@example.org,183,89
Regina Wood,32,rebecca64@example.org,197,81
Ryan Rodriguez,26,iatkinson@example.net,197,50
Anthony Oliver,36,djones@example.net,179,76
Tonya Gonzalez,30,brandywang@example.com,166,67
Christy Mccarthy,26,gonzalessteven@example.net,176,58
Stephanie Payne,42,wcraig@example.org,190,53
Nicholas Garner,46,omiller@example.net,155,59
Bobby Thompson,35,brownjoshua@example.org,159,94
Jennifer Hudson PhD,42,denise72@example.net,194,95
Lori Pacheco,30,jimenezkristopher@example.net,196,71
Charles Walton,30,stevencastillo@example.com,165,68
Alejandro Mcdonald,38,langsamuel@example.net,189,63
Eric Russell,46,charles65@example.com,169,55
Joseph Schroeder,24,arichardson@example.org,184,78
Lee Gamble,33,bensontimothy@example.com,174,57
Mr. Joel Collier,39,brandonbell@example.com,163,57
Patrick Kennedy,47,jasoncolon@example.net,167,69
Matthew Williams,23,zguerrero@example.com,176,62
Kylie Davies,38,tgreene@example.net,159,66
Mrs. Anne Bailey,25,robertmcintosh@example.org,184,75
Robert Bell,24,andersonapril@example.org,177,52
Taylor Oconnell,47,qnguyen@example.net,165,93
Brenda Campbell,42,rjimenez@example.net,193,50
Danielle Anderson,49,harrisian@example.com,171,72
William Dixon,38,leahreynolds@example.org,173,97
Toni Chapman,43,christopher42@example.net,153,66
Cassandra Sanchez,39,wheelerjohnny@example.org,163,86
John Baker,37,scott16@example.net,177,82
Matthew Jones,27,susan80@example.com,158,54
William Cowan,33,melvin76@example.org,154,97
Jeremy Jones DVM,39,guymoore@example.net,184,84
Matthew Brooks,25,shudson@example.org,171,81
Olivia Clay,36,sarahcooper@example.com,175,65
Michele Hendricks,27,elizabeth09@example.org,174,65
Barbara Miller,41,danny42@example.com,173,57
Sheena Morales,42,gregory13@example.com,191,73
Michael Diaz,34,david15@example.com,193,81
Susan Bridges,40,bryantcassandra@example.net,184,54
Stephen Park,47,lisa99@example.org,193,90
Jennifer Simmons,43,lisaowens@example.org,151,61
Jared Morales,31,elizabeth99@example.net,157,62
Laurie Ingram,43,johnnyramirez@example.org,172,85
Theresa Johnson,39,hortonaaron@example.org,199,63
Patricia Smith,24,matthew43@example.com,156,96
Michele Cox,41,smithdouglas@example.org,189,97
Stacey Long,45,poolemelanie@example.org,170,93
Timothy Smith,49,fsampson@example.com,153,85
Mikayla Aguilar,41,cheyennecoleman@example.com,162,75
Rodney Bradford,45,jimenezmelissa@example.net,166,59
Rachel Foster,39,elizabeth03@example.org,171,92
Mallory Cooper,39,emilybush@example.net,161,96
Susan Lambert,23,tiffany80@example.net,198,78
Billy Rose,27,christopher95@example.net,168,89
Jamie Morris,27,kdaniels@example.org,184,73
Christopher Reed,23,carpenterbrandon@example.org,162,67
Joseph Gonzales,36,gonzalezhaley@example.com,188,63
Anthony Hogan,44,brucegutierrez@example.org,195,61
Michelle White,35,williamstimothy@example.com,195,56
Sabrina Smith,26,ecurry@example.com,181,54
Jenny Bauer,23,derekmiller@example.org,187,90
Heather Edwards,28,ericnguyen@example.net,192,90
Daniel Perez,28,stewartrussell@example.net,156,96
Lisa Davenport,37,erin65@example.net,153,77
Dr. Peter Cross,35,johnsonalex@example.com,168,93
Anthony Horne,46,paynejacqueline@example.net,183,99
Julie Pace,39,ksnyder@example.com,152,77
Nicole Mccall,34,robbinsmanuel@example.org,160,88
Caroline Beck,41,silvadevin@example.org,198,63
Michael Bailey,29,lmoon@example.org,193,54
Kristopher Parker,35,christywatson@example.net,169,55
Charles Frazier,36,julie72@example.net,172,59
Caitlin Macias,34,ohowe@example.org,161,62
Kenneth Young,37,mwells@example.net,174,64
Anna Martin,41,fvaughan@example.com,171,79
Javier Fields,47,mcguirepatricia@example.net,156,67
Jeanette Estes,41,perezcheryl@example.com,183,67
Kevin Morris,38,davidjohnson@example.org,151,92
Ashley Rose,36,mcguirejack@example.org,153,99
Donald Hansen,27,kelly75@example.org,177,93
Matthew Nguyen,29,wbeard@example.com,153,51
James Ross,34,danielle00@example.org,157,99
Angela Cooper,39,bridget65@example.org,191,86
Sydney Jones,36,mistywilliams@example.net,153,88
Amanda Wallace DDS,42,andrea96@example.com,182,64
Jeffrey Garcia,29,jessica80@example.com,194,68
Courtney Brown,29,wellschristopher@example.net,182,94
Ryan Greene,41,marshallkristin@example.net,156,55
Ryan Diaz,25,robert29@example.com,170,76
Sheri Duncan,25,fordterri@example.com,167,96
Lisa Moore,26,robinharrington@example.com,166,76
Joe Clark,34,smithmichael@example.net,190,68
Melissa Fletcher,30,pramirez@example.org,189,73
Danny Dunn,36,lcurtis@example.com,181,98
Lauren Solomon,21,valerie79@example.com,174,63
Michaela Hutchinson,44,wdiaz@example.com,187,73
Paul Roberts,25,greenpaul@example.org,180,53
Samantha Bishop,27,peggy17@example.net,171,88
Mark Wallace,41,meganbell@example.com,193,92
Nicole Robinson,37,ricardo10@example.net,188,71
Ricky Carlson,29,claytongonzales@example.org,191,89
Cory Lucas,45,dmartinez@example.net,190,56
Carolyn Williams,30,chelsea90@example.org,153,76
Jaclyn Rowe,49,alyssafox@example.net,190,62
Sabrina Hudson DDS,47,adamsjames@example.com,176,84
Nathan Valentine,49,yjimenez@example.org,151,64
Michael Garcia,48,kim97@example.org,156,65
Derrick Smith,38,jordanmichael@example.org,190,85
Michael Nelson,38,pgray@example.net,151,50
Bradley Bauer,36,millerjason@example.org,191,67
Justin Miller,44,johnsonjeremy@example.net,176,91
Scott Camacho,49,robert23@example.com,183,97
Paula Weber,27,saralewis@example.org,170,98
Teresa Vaughn,49,heathercraig@example.org,158,50
William Baker,40,lindseystrong@example.org,175,93
Justin Decker,33,phelpsjeffrey@example.com,167,96
Sean Mason,27,smithrose@example.net,159,74
Thomas Horne,25,orose@example.com,186,97
Kenneth Sanchez,46,kwallace@example.net,183,88
Jason Bowman,33,david59@example.org,154,98
Dr. Tyler Peterson,45,cartermichael@example.com,177,74
Jesse Walker,47,heidi78@example.org,173,55
Gary Russell,40,william02@example.com,187,66
Lisa Dickerson,24,brookenewton@example.net,168,77
Sharon Cox,37,hayesantonio@example.org,190,69
Paige Freeman,29,bryce15@example.net,155,57
Zachary Rogers,22,leah69@example.net,195,69
Collin Williams,26,scott47@example.com,158,79
Tiffany Clayton,41,catherine38@example.com,151,50
Ricky Cortez,21,fmcmillan@example.net,188,90
Garrett Middleton,22,ravila@example.com,157,89
Emily Tucker,34,lwilliams@example.net,150,54
Jamie Lambert,38,vickieherrera@example.com,190,67
Daniel Martin,24,harrisonjose@example.org,182,68
Kristina Li,36,ihorton@example.com,182,87
Michelle Fry,44,lvalentine@example.org,163,95
Lindsay Carter,24,kathy33@example.net,184,97
Andrew Jones,33,christinewallace@example.org,172,74
Jennifer Hammond,27,mooredanielle@example.org,177,67
Samuel Ward,48,destinymoore@example.com,166,69
Lisa Christensen,31,maria77@example.net,151,74
Jacob Black,41,kim89@example.net,199,64
Gavin Willis,21,lwagner@example.net,156,84
Robin Jacobs,27,natalieroberts@example.net,177,81
Kathy Perez,30,carterdrew@example.com,185,92
Steven Perry,28,lwatson@example.org,181,67
Bradley Lynch,29,kimberly20@example.net,185,99
Edward Anderson,37,kyoung@example.org,159,90
Lori Acosta,32,phillipcortez@example.net,157,55
Allison Robinson,34,wthompson@example.net,155,79
Jacob Sanders,34,martinezadam@example.net,164,78
Diana Roberts,27,anthony15@example.org,165,50
Benjamin Gonzalez,27,james34@example.org,189,73
Alexander Murray,24,ktran@example.com,191,98
Patricia Baker,33,bridgetallison@example.net,176,90
Michele Perry,45,brownantonio@example.net,169,79
Michael Alexander,37,wilsonsamantha@example.org,175,92
Mr. Jonathan Fischer,34,christianjennifer@example.net,162,71
Jennifer Wheeler,41,millermichael@example.org,172,98
Robert Dean,27,pdavidson@example.org,172,89
Samuel Chavez,28,qhouse@example.org,198,67
Samuel Carlson,36,garnererica@example.org,161,93
Amanda Hancock,22,johnsonrobert@example.net,176,68
Steven Harris,49,lopezpatrick@example.net,196,89
Sarah Galloway,29,scott58@example.com,174,76
Jennifer Chavez,21,thorntonaustin@example.net,179,61
Debbie Contreras,26,williamfrank@example.org,156,88
Samuel Petersen,28,owilliams@example.com,172,70
Herbert Phillips,49,ymarshall@example.net,184,72
Stephanie Perez,46,nelsonkara@example.org,152,94
Stanley Price,26,philip36@example.net,198,83
Heather Wise,38,brenda51@example.net,186,83
Tara Daniel,38,villalisa@example.com,182,56
Michelle Bowman,27,hsparks@example.com,184,94
Mike Gonzalez,21,rogerlee@example.org,155,58
James Morales,22,gardnerrebecca@example.net,166,64
Laurie Jones,30,flee@example.com,168,83
Emily Crane,23,jonesmelinda@example.net,188,56
Brittany Brown,29,michellemartin@example.org,160,53
Kari Vaughan,21,melissa01@example.com,187,50
Eric Montes,36,russellwilliams@example.net,180,60
Dr. Taylor Potter,38,adam91@example.com,183,96
Nicole Franklin,30,rachelgreen@example.org,154,71
Yolanda Craig,46,sarah75@example.com,196,56
Howard Anderson,25,youngkevin@example.net,173,67
Brandon Arnold,24,mariamiddleton@example.org,199,75
Jennifer Barrera,24,charles76@example.org,189,63
Angela Chambers,37,hannahpearson@example.org,197,51
Samantha Horton,29,kimberly37@example.net,162,88
Lisa Stewart,31,davilaroberto@example.org,152,71
Hannah Freeman,32,podom@example.com,199,68
Christopher Gates,39,joseph05@example.org,151,76
Joshua Wright,38,nmccarty@example.com,171,90
Lauren Parker,36,robert64@example.org,184,58
Cynthia Jones,45,wyoung@example.com,150,59
Robert Perez,26,carrolllinda@example.com,175,99
Margaret Powell,26,matthewjackson@example.net,194,62
Erik Mendez DVM,30,robertmullins@example.org,198,84
Rachel Greer,47,uallen@example.net,188,92
Nancy Miller,44,clarkewilliam@example.org,173,98
Maxwell Peterson,22,danielgardner@example.org,171,87
Michael Phillips,32,annsalazar@example.net,172,61
Ronald Jones,35,gary58@example.org,181,96
Darius Greene,36,jacksonkelly@example.net,187,86
Martin Hunter,48,stevenallen@example.net,166,92
Manuel Moyer,26,danielle95@example.org,151,75
Julie Chen,32,bkemp@example.com,154,55
Randy Wong,37,nicholas05@example.net,160,58
Adrian Sanchez,27,khamilton@example.org,153,88
Samantha Peterson,39,sharon49@example.org,175,71
Joy Mckee,21,elizabeth12@example.org,190,54
Hayden Jackson,26,christina13@example.org,183,78
Mary Miller,40,jermaine09@example.net,180,75
Elizabeth Kemp,22,vsmith@example.net,175,52
Brian Howell,40,bakermeghan@example.org,155,55
Amanda Morrow,28,james06@example.net,158,72
Barbara Willis,44,mark89@example.org,195,75
Dakota Stewart,23,allenpatricia@example.com,186,95
Christine Blevins,46,johnsonalicia@example.net,181,60
Diana Cortez,28,brian23@example.org,180,55
Dustin Gilbert,33,adam68@example.org,158,53
Victoria Kane,49,david44@example.net,166,95
Jennifer Ponce,23,ealvarez@example.net,154,52
Sheila Savage,42,imoreno@example.org,170,99
Mark Dean,40,stevensonandrew@example.org,189,73
Catherine Lang,29,thomasjill@example.com,160,75
Justin Taylor,25,briannadalton@example.net,185,96
Diana Sutton,32,xmccall@example.com,198,64
Martin White,39,kevinwoods@example.net,152,97
Chelsea Martinez,29,ashley12@example.com,177,97
Anthony Williams,43,rileyjonathan@example.net,155,83
Chase Farley,32,elizabeth81@example.com,169,99
Justin Hill,48,tanya40@example.com,173,55
David Mcclure,45,wallacekayla@example.com,157,57
Jermaine Hill,44,aguirremandy@example.net,189,88
Kelly Pope,42,mcbridemonica@example.org,175,73
Mariah Morrow,37,jessicawashington@example.com,180,71
Kayla Richardson,35,alisongood@example.org,180,80
Garrett Erickson,30,rmaxwell@example.com,153,69
Tommy Shepherd,23,steelebarbara@example.org,180,94
Phillip Lambert,34,hortonmelissa@example.org,197,87
Mr. Lee Harris Jr.,49,lisasmith@example.com,169,77
Stephanie Jones,22,richard87@example.org,199,68
Michael Davis,38,karen98@example.com,151,60
Randy Sandoval,42,brobbins@example.com,160,75
Penny Quinn,33,grahamchristine@example.com,169,87
Christina Miller,35,christina31@example.com,159,51
Debbie Valencia,39,wallison@example.net,152,84
Brittany Burton,23,ellisfrank@example.org,178,70
Mark Underwood,26,gburton@example.org,182,99
Michael Glenn,25,moranandrew@example.com,175,78
Andrea Wilkins,34,melissafarmer@example.org,183,77
Ashley Moreno,48,haynescody@example.org,169,76
James Hendrix,32,dcastillo@example.org,164,95
Raymond Morales,38,christopher82@example.net,161,95
Adrian Bailey,26,seanbell@example.org,191,53
Valerie Pena,25,hayley43@example.net,155,79
Lisa Murillo,21,ycameron@example.com,189,82
Thomas Morales,46,donald23@example.net,156,59
Kyle Martin,44,robertaustin@example.net,168,82
Carrie Anderson,38,williejohnson@example.net,157,98
Kenneth Sanchez,41,williamgardner@example.com,172,58
Raymond Moreno,46,nancy36@example.com,165,61
Taylor Oliver,46,xmurphy@example.net,193,70
Nicole Anderson,46,gfox@example.org,156,62
Amy Harris,40,olsenandrea@example.com,196,57
Patrick Bautista,46,ronald84@example.net,176,65
Erin Duran,46,christina39@example.net,193,95
Patricia Baldwin,28,aliciawalker@example.net,176,77
Tammy Davis,30,juan13@example.net,199,73
Ms. Sheila Pace MD,30,davisroger@example.com,186,56
Ashley Payne,47,amy97@example.org,159,99
Mary Anderson,30,jennifer49@example.org,188,59
Jonathan Thomas,29,whines@example.net,187,64
Stacey Alvarez,24,christy62@example.net,153,98
Michelle Schroeder,34,gwilliams@example.com,198,54
Deborah Wagner,44,reginaldalexander@example.com,150,98
Howard Scott,32,mistybonilla@example.net,150,58
Jeffrey Dennis,35,alexanderwalsh@example.net,160,62
Anthony Buck,27,bradleykathryn@example.net,158,59
Jason Nunez PhD,30,epeters@example.net,184,77
Francisco Williams,48,brownwilliam@example.org,152,98
Carol Obrien,47,laurengonzalez@example.net,153,81
John Moore,32,danielle34@example.com,182,72
Shane Johnson,30,leonardpham@example.com,174,99
Laurie Lopez,21,carlsonrobert@example.com,194,86
Sherri Gallegos,24,scottwilkins@example.net,193,89
Anthony Bowman,35,james37@example.org,170,62
Hannah Huang,41,christopherlynch@example.net,192,56
Nicholas Day,33,brendanelson@example.net,188,66
Angela Cooke,32,christine50@example.org,197,67
David Jones,37,kevinhudson@example.com,191,96
Theresa Soto,31,ffinley@example.com,178,76
Derek Nielsen,36,david42@example.org,194,53
Julia Scott,37,vanessa83@example.org,185,69
Matthew Roberts,22,leonardjennifer@example.org,151,56
Steven Murphy,46,daniel74@example.com,199,58
Lisa Andrews,22,lisa62@example.org,175,64
Willie Taylor,25,rzuniga@example.org,186,55
Jennifer Vargas,23,vwilliamson@example.com,180,80
Corey Sutton,32,jonathondelgado@example.org,163,89
Janet Parker,43,eileenthompson@example.com,159,51
Stephanie Adams,47,blackwellandrew@example.com,190,57
Richard Camacho,34,lisasoto@example.net,152,73
John Patterson,41,kyliejackson@example.org,199,51
Logan Sharp,36,colleenberry@example.net,154,50
Lisa Young,25,xavierbrown@example.com,155,61
Leonard Waller,34,morrisholly@example.org,173,66
Lucas Bernard,47,richard63@example.com,190,51
Megan Hall,22,michael77@example.org,169,63
Melissa Dennis,39,pearsonteresa@example.com,170,82
Kristina Figueroa,40,dustinbaker@example.com,156,96
Kristine Mills,23,campbellgregory@example.org,166,54
Kaitlyn Cline,48,stephanie18@example.net,170,85
Tyler Hays,21,destinyjones@example.net,181,66
Zoe Kim,39,amandaturner@example.net,157,57
Logan Benitez,25,rebeccawatkins@example.org,191,71
Lori Lee,36,jmccoy@example.org,178,87
Sarah Carroll DVM,46,icarson@example.org,155,88
Vanessa Reed,34,thughes@example.net,190,50
Paula Cooper,27,jameskimberly@example.org,181,65
April Espinoza,39,melissa22@example.org,178,93
Latasha Flowers,40,wilsondaniel@example.com,155,85
Leslie Solomon,38,joseph05@example.com,172,77
Gregory Garcia,40,yblankenship@example.org,181,64
Christopher Santos,34,hortoncathy@example.com,166,70
Shannon Ward,28,juangriffith@example.com,166,89
Jonathan Wilcox,24,linda31@example.net,164,82
Mr. Paul Brennan,30,jamesking@example.com,163,66
Dawn Floyd,46,fnguyen@example.net,187,67
Alison Brown,48,madelineharmon@example.com,196,62
Christopher Ortiz,33,isaiahramirez@example.org,161,50
George Brown,28,pparsons@example.com,192,51
Vanessa Sosa,37,heather53@example.net,161,69
Brianna Bryant,31,edwardsummers@example.org,192,97
David Arroyo,34,adamsnicole@example.com,151,89
John Bell,38,jeffrey95@example.com,179,95
Shelley Webb,40,qbrown@example.com,163,95
Courtney Moreno DVM,44,clarkbryan@example.org,152,77
Cindy Morgan,28,abbottchristina@example.org,195,90
Blake Berry,43,paulcherry@example.com,198,98
Susan Bennett,37,ipoole@example.net,183,83
Timothy Heath,29,christineflowers@example.org,171,64
Ivan Salazar,47,scottrandy@example.com,160,52
Michael Horne,49,oevans@example.com,152,74
Ashley Moore,24,cainkatie@example.com,189,73
Sean Nunez,26,flowerstimothy@example.org,159,79
Samantha Barber,49,collinsgeorge@example.net,180,91
Anna Kim,34,daniellefoster@example.net,196,56
Adam Jenkins,35,cherylmitchell@example.net,184,83
Cory Brooks DDS,27,rosejason@example.org,158,56
Rebecca Russell,35,joy40@example.org,162,62
Zachary Johnson,34,juandunn@example.net,174,95
Allison Hanson,29,juandavis@example.org,189,82
Mary Sullivan,35,zacharydawson@example.com,152,85
Nathan Walters,31,scottlewis@example.com,182,53
Raymond Walsh,49,travisnielsen@example.com,192,93
Shane Hamilton,39,deborah18@example.net,183,76
Virginia Logan,36,ashleysampson@example.com,182,76
Ashley Anderson,21,adriana70@example.org,188,91
Shawn Macdonald,36,jeremiahmullen@example.com,157,76
Caroline Moore,22,hannah51@example.net,158,98
Richard Crawford,22,wbradley@example.org,188,87
Katherine Olson,33,ycarrillo@example.com,170,85
Rita Graham,36,johnmcguire@example.com,199,94
Mark Torres,21,mckinneyjulia@example.com,196,75
Grant Mcdowell,45,elizabethjohnson@example.net,195,81
Matthew Williams,41,cohenrobert@example.com,181,60
Denise Barton,27,kellyjohnson@example.org,168,89
Craig Boone,42,tuckerethan@example.com,182,82
Lindsey Werner,30,lopezerik@example.org,183,65
James Lambert,21,rhamilton@example.com,180,85
Raymond Simpson,43,rmyers@example.org,174,73
Brian Nguyen,48,crystalbell@example.com,192,77
Joan Velazquez,37,oliviaweaver@example.net,182,68
Kelly Bryan,35,bhunter@example.net,159,59
Tracy Evans,29,marvin21@example.net,157,52
Tammy Chang,36,pierceanna@example.org,166,57
Amber Martin,35,stacymiller@example.org,154,89
Luis Walker,49,nancycarpenter@example.org,192,85
Johnathan Weaver,28,jasonswanson@example.com,168,67
Timothy Maldonado,23,changvictor@example.net,184,90
Michael Davis,48,dwhite@example.com,150,58
Brenda Blair,42,laurenblake@example.net,189,52
Jonathan Peters,47,travisnatasha@example.org,192,56
Joseph Ellis,44,stevennelson@example.org,182,72
Monica Escobar,37,rachel44@example.com,191,87
Lisa Byrd,38,deborahlynch@example.com,195,76
Johnathan Edwards,40,shawn17@example.net,169,71
Matthew Evans,35,johnnelson@example.com,165,81
Nina Berger,42,perkinsjennifer@example.net,156,92
Dr. Eric Cantu,46,jhoffman@example.org,182,81
Jason Noble,47,lauren53@example.org,152,92
William Walter,27,theresa04@example.org,163,58
Betty Sweeney,25,xromero@example.net,172,53
Jacqueline Holmes,36,williamsdouglas@example.net,158,52
Alyssa Garcia,22,deleonamy@example.net,156,53
Anita Robles,43,jessica23@example.com,180,98
Alyssa Smith,40,kelly14@example.org,163,78
Brittney Stewart,35,john55@example.org,181,80
Joseph Roberts,39,levyrichard@example.com,177,50
Justin Andersen,45,ncampbell@example.com,196,91
Sheila Jordan,46,melissa17@example.net,177,50
David Ortega,26,darrenwilkerson@example.net,186,87
David Perez,27,janicegregory@example.com,170,99
Kelly Wilson,27,pwebb@example.org,163,97
Mitchell Thomas,40,kwilson@example.net,195,60
Michelle King,35,thomas24@example.com,198,67
Ashley Phillips,36,urobinson@example.com,165,57
Gabriela Fitzpatrick,44,jessicamoore@example.org,182,72
Alexandra Thomas,26,carriejones@example.org,155,86
Heather Harvey,29,butlergeorge@example.org,164,86
Mrs. Stacy Joseph,32,brad23@example.com,158,50
David Hardin,28,karenramos@example.org,186,61
Kim Fisher,37,carol27@example.org,166,76
Bradley Dunn,32,youngjames@example.com,155,70
Veronica Moore,39,jasonvelasquez@example.org,174,79
Tammy Bennett,41,myersmarcus@example.net,167,51
Joseph Smith,44,amanda49@example.net,164,85
Andrew Stephens,30,ocooper@example.com,150,99
Katherine Reyes,33,megangraham@example.com,195,73
Alan Hernandez,44,nicole17@example.org,163,90
Nicholas Smith,35,michaelcastillo@example.com,175,61
Harry Mccormick,49,monica79@example.com,156,71
Jennifer Cobb,39,smithjessica@example.org,169,75
Erica Baker,33,dfletcher@example.org,171,80
Cody Walters,32,jenniferadams@example.org,196,55
Mr. Christopher Johnson,36,karen22@example.com,157,70
Julie Casey,46,amanda24@example.org,158,87
Kelsey Bullock,30,syu@example.net,156,67
Charles Martin,32,samuel46@example.net,194,58
Lori Terry,31,alyssa16@example.org,197,95
Suzanne Compton,40,steven00@example.net,164,67
Jordan Brown,48,holmesaustin@example.net,154,90
Stacy Stephenson,36,jenniferpatterson@example.net,194,52
Dr. Jamie Hayes DVM,46,heather07@example.com,158,52
Lauren Manning,34,robertgriffin@example.com,196,72
Joshua Williams,24,coreycisneros@example.com,172,91
Alexis Fox,49,jcalhoun@example.net,196,63
Jerry Jacobs,23,fmckinney@example.com,190,77
James Copeland,46,benjamin19@example.net,177,93
Jonathan Long,25,todd05@example.org,157,80
Chloe Harris,26,iowen@example.com,177,62
Todd Robinson,36,zwiley@example.com,186,55
Lawrence Weeks,36,shane77@example.org,191,94
Aaron Alvarez,33,eileenroberson@example.com,179,88
Edward Taylor,25,millerrichard@example.net,156,91
Justin Walker,24,david65@example.net,181,55
Rita Ellis,40,kmckee@example.org,166,71
John Chen,34,mcleanryan@example.org,152,71
Wendy Hill,34,mdouglas@example.net,171,84
James Barnett,47,wardjeremy@example.net,167,92
Brandi Montes,45,sarajames@example.org,196,95
Kevin Phillips,40,smithjeffrey@example.net,198,60
Thomas Hopkins,37,jacob70@example.org,165,99
Mark Medina,34,shelbybonilla@example.org,177,74
Robert Clark,37,aaronanderson@example.com,177,57
John Mccarthy,40,tracyflores@example.com,163,57
Joshua Hansen,29,browntracy@example.com,184,56
Brian Smith,46,raymond16@example.net,175,78
Vanessa Wells,48,edwardrobinson@example.net,179,55
Michael Baker,35,michelle07@example.com,177,74
Jason Rodriguez,23,nwilson@example.org,182,83
Alexander Hull,43,uhebert@example.com,164,78
Connor Smith,42,joan88@example.net,198,55
Jamie Thomas,46,jennifermontgomery@example.com,191,74
Daniel Strong,36,kari70@example.com,189,95
Brandon Foster,39,ejennings@example.net,164,89
Scott Peters,30,annette18@example.com,183,98
Michael Foster,25,wrighterika@example.com,173,69
Shannon Ruiz,43,dbenson@example.com,169,85
Christopher Hanson,31,martha08@example.com,179,54
Stacy Cook,37,amycannon@example.com,187,89
Xavier Barron,28,deannaduncan@example.org,159,93
Cheryl Arnold,23,lloyderic@example.org,162,66
Katrina Flores,30,berrylori@example.org,177,95
Elizabeth Barry,39,olivia78@example.org,154,84
Kelly Osborne,29,cherylburgess@example.org,188,87
Nicole Evans,32,jasongomez@example.com,155,83
Patricia Wells,43,rebecca15@example.org,155,89
Mrs. Sharon Wolf MD,39,martinezmonica@example.net,160,90
Debra Cole,49,codysoto@example.org,161,91
Carrie Ward,38,dbutler@example.net,151,66
Jenna Williams,44,james13@example.com,189,68
Nathan Jackson,34,csanchez@example.net,177,95
Cynthia Choi,38,oward@example.com,190,53
Annette Wagner,29,guzmandavid@example.com,181,98
Todd Patterson,29,bakerarthur@example.net,170,58
Robert White,47,ssosa@example.org,174,91
Antonio Smith,29,esteele@example.com,161,67
Eric Rodriguez,25,justinbullock@example.net,162,65
Emma Hanson,41,markmalone@example.com,191,51
Tommy Ramirez,39,ujackson@example.com,153,64
Amanda Jones,21,blake42@example.org,198,52
Heather Brown,36,thompsonmark@example.com,174,77
Marissa Douglas,34,johnathan59@example.net,150,59
Rodney Taylor,28,hunterkimberly@example.org,183,76
Beth Jackson,43,zhenderson@example.com,178,53
Karen Cobb,24,lambertrebecca@example.org,198,89
Michelle Perry,40,holmesadam@example.net,151,72
Troy Gonzalez,47,regina03@example.net,181,51
Ryan Phillips,33,sdaniels@example.org,160,98
Steven Stafford,34,michaelclayton@example.com,170,57
Melissa Oconnell,49,mlove@example.com,150,77
Nathan Santiago,23,cameron67@example.net,198,95
Matthew Rodriguez,33,ibaker@example.org,179,99
Victoria Bush,47,kjohnson@example.com,187,52
Yvonne Calhoun,42,johnsonchristopher@example.com,194,77
Jessica Paul,46,marymcguire@example.net,168,60
Anna Harrington,42,dustin76@example.net,184,93
Michael Smith,32,tanneranthony@example.net,195,69
Nicholas Castillo,47,cruiz@example.org,177,71
Karen Holden,36,timothyflores@example.com,177,65
Patricia Moore,33,evansadam@example.net,174,72
Robert Jordan,43,charles92@example.com,156,79
Edward Bradshaw,33,fletcherkimberly@example.com,182,57
Stacy Mitchell,23,ramseyjennifer@example.org,171,52
Steven Eaton,41,uharris@example.com,185,59
Michael Lambert,25,howardmark@example.com,159,74
Craig Flynn,37,kturner@example.net,164,53
Logan Campbell,46,jonesdawn@example.net,191,98
Derrick Robinson,36,khanlinda@example.org,163,69
Jessica Reilly,46,jwhite@example.net,192,63
Ariana Thornton,31,dustin54@example.com,183,62
Thomas Day,24,rojasscott@example.org,154,54
Brooke Douglas,41,hendersonjennifer@example.com,191,69
Amanda Kennedy,33,xnorris@example.com,182,88
Kelly Sandoval,36,vcarpenter@example.net,184,55
Sarah Aguilar,29,ugreene@example.org,168,58
Angela Johnson,25,meganlopez@example.net,174,97
Michele Thompson,37,farrellvalerie@example.com,180,58
Kevin Williams,22,james78@example.com,157,75
Tracy Farmer,42,lydia38@example.org,168,95
Timothy Phillips DVM,25,hayesstephanie@example.com,152,83
Jennifer Strong,31,kristen09@example.net,188,60
Katherine Burton,37,connormitchell@example.net,155,50
Nicole Bowers,31,pbecker@example.com,162,82
Dawn Hensley,28,kelly49@example.org,188,83
Sandra Stone,39,grantmartin@example.net,195,76
Sara Reeves,27,lsims@example.net,195,68
Samantha Clark,26,gdavis@example.com,166,90
Karen Sutton,35,mjones@example.net,152,77
Bobby Beck,29,moniquemccarty@example.net,188,86
Mrs. Susan Dixon,49,stephanie37@example.net,157,61
John Wilson,43,christopherlynn@example.org,158,79
Andrew Stanton,25,nancy38@example.com,180,51
Nicole Hayes,43,ronald40@example.org,161,66
Willie Davis,26,ckennedy@example.com,177,59
Angel Galvan,35,ogrimes@example.org,195,90
Timothy Jones,21,walter41@example.org,193,83
Sandra Huffman,21,zacharysmith@example.org,163,60
Linda Pugh,37,xlee@example.com,178,68
Mary Jones,22,antoniorussell@example.net,180,65
Jacqueline Hopkins,23,ledwards@example.com,154,71
Nancy Blackburn,44,adamwhite@example.com,164,85
Barbara Jones,39,sarahsanders@example.org,177,90
Wanda Obrien,44,bonillamonica@example.com,175,82
Ashley James,37,lboone@example.com,155,96
Laura Jones,25,patriciaharrison@example.com,194,93
Christine Tran,39,john42@example.org,197,63
Laurie Espinoza,43,brianna37@example.net,171,50
Hannah Rivera,31,millerandrea@example.org,189,68
Kristina West,40,taylor76@example.net,156,90
Jeff Walton,27,stephenmccoy@example.org,184,73
Jose Richardson,38,robertslaura@example.com,151,80
Nicole Mcmahon,27,wbailey@example.com,155,82
Beth Preston,37,michaelbell@example.com,197,94
Ralph Rojas,32,marydennis@example.org,167,78
Erica Mason,21,tara31@example.net,178,81
Lisa Lopez,27,ostewart@example.com,162,80
Steven Gonzalez,29,lthomas@example.org,183,81
Monica Robertson,49,mandrews@example.org,186,87
David Wu,33,guerreroderek@example.net,183,81
Kimberly Meyers,23,christine30@example.net,155,80
Victoria Lopez,23,bowmankyle@example.org,186,94
Briana Mejia,39,deborah54@example.org,197,57
Erika Frost,33,slee@example.com,151,79
Timothy Ford,38,kelseydavis@example.net,192,53
Mary Pierce,49,hjones@example.org,194,65
Ryan Soto,42,barnessteve@example.org,165,72
Matthew Velez,30,jeffrey63@example.com,169,75
Jacqueline Knox,44,qhernandez@example.org,155,50
Amber Holland,39,kdaniel@example.com,168,94
Michelle Anderson,31,mcbridepatricia@example.com,165,58
Douglas Goodman,47,fyoung@example.net,163,87
Stephanie Gilmore,49,sarastewart@example.com,192,63
Alex Lester,41,millercalvin@example.com,179,67
Russell Vasquez,49,jordan52@example.org,156,62
Jesse Dickerson,35,gbuchanan@example.net,185,71
Ethan Morrison,28,kelseyelliott@example.org,177,98
Ashlee Jones,46,bookermichelle@example.org,172,95
Judy Prince,47,melissa05@example.com,161,82
Stephen Downs,31,williamslindsay@example.com,163,61
Tracy Roberts,43,pcollier@example.org,170,75
Stacy Powers,46,barrkimberly@example.org,162,76
Mrs. Sheryl Campbell,47,martinwilliam@example.com,151,81
Jose Smith,28,amanda04@example.net,151,97
Michelle Ryan,26,hjohnson@example.org,188,60
Jennifer Santos,27,ocook@example.com,191,68
Angela Walker,31,richardsonjacqueline@example.net,193,96
Grace Green,40,ryangibson@example.net,179,82
Corey Gilbert,30,david33@example.org,196,56
Jason Smith,26,joseph03@example.net,152,78
Jeremiah Moore,42,cherylfreeman@example.org,182,50
Brittney Morris,44,ashley76@example.net,176,51
Mr. Marcus White,40,diazmichael@example.org,160,86
Jenna Richardson,21,watersallen@example.com,198,59
Timothy Simpson,44,melissasmith@example.org,157,62
Haley Santana,27,rachelwilliams@example.net,174,79
Aaron Cox,24,tina48@example.org,191,91
William Rubio,25,keithkimberly@example.net,196,83
Miguel Boyd,28,leachvictoria@example.net,199,74
Laura Best,44,jasonswanson@example.net,188,82
Joseph Jackson,35,shari78@example.com,161,98
Danielle Webster,29,floresvanessa@example.net,195,67
Michelle Pierce,47,emarsh@example.org,188,79
Ross Curtis,39,stonesandra@example.net,190,70
Jennifer Woods,44,bendermichael@example.net,175,77
Michelle Santos,34,flynndavid@example.com,170,96
Amy Elliott,29,katherine55@example.org,182,79
Tara Harrell,42,mcconnellchristopher@example.net,155,57
Maria Pearson,46,logansimpson@example.com,180,67
Deborah Pace,41,efisher@example.net,170,75
Anthony Robbins,32,youngcrystal@example.com,173,95
Tracey Garrett,23,nsharp@example.net,198,83
James Chandler,42,howelljack@example.com,187,85
Beverly Thompson,49,josephmiller@example.org,171,97
Thomas Kim,30,jesus30@example.org,160,73
Marcus Ross,24,perezstephanie@example.net,183,77
Ryan Schmidt,28,aguirrehelen@example.net,172,85
Susan Davis,45,jshelton@example.org,152,71
Marcus Johnston,24,imartinez@example.org,195,97
Mark Banks,34,scott15@example.net,193,74
Steven Howard,39,tbrown@example.com,189,82
Jason Holmes,46,katrinamoreno@example.net,159,53
Alyssa Martin,29,torresbrittany@example.org,156,95
Brittany Davis,34,cruzrichard@example.com,177,72
Shawn House,32,gritter@example.com,189,55
Marie Allen,45,virginiacastillo@example.net,177,61
Katrina Hayes,43,carolgarcia@example.net,183,67
John Young,41,smithdeanna@example.com,193,51
Jeffery Leon,39,eugenefleming@example.net,156,76
Marc Hanson,47,adamperkins@example.com,179,62
Kelly Hines,25,andrew66@example.net,161,54
Diana Walker,30,kimberly35@example.net,197,69
Samuel Johnson,36,davisruben@example.org,165,82
Joshua Savage,43,lisaburton@example.org,185,99
Bradley Gaines,31,michelle97@example.net,183,99
Michelle Daniel,37,brianmurray@example.net,187,71
Jennifer Norris,41,rodriguezbrad@example.com,168,61
Jerry Garcia,35,david42@example.org,197,65
Jason Whitney,30,lbaldwin@example.com,153,83
Richard Mack,26,bryanwood@example.net,191,61
Brittany Clark,48,rebecca86@example.net,157,79
Dr. Rachel Ware,32,gstevenson@example.com,156,83
Kim Perry,24,dawnblake@example.org,160,58
Robert Jensen,26,christopher09@example.org,190,77
Sean Baker,42,marywilliamson@example.org,174,95
Mr. Timothy Contreras,37,annenewton@example.com,193,58
Tracy Curtis,24,figueroamichelle@example.net,192,94
Brady Mora,21,allisontaylor@example.org,178,76
Julia Bell,32,whiteallison@example.com,184,67
Tina Vance,30,foxbrittany@example.com,179,80
Mary Black,36,andrew66@example.com,184,66
Victor Carroll,45,stanleyelizabeth@example.net,152,91
Erica Johnson,37,xclark@example.com,194,66
Rachel Osborne DDS,48,mirandasparks@example.com,168,54
Jamie Francis,22,hernandezscott@example.org,190,76
Brenda Brooks,41,michael00@example.net,172,59
Charles Ruiz,46,daniel11@example.net,183,70
Corey Wilkinson,33,tcarr@example.org,173,57
Diana Crawford,29,jennifer76@example.org,158,81
Kayla Goodwin,35,cameron77@example.net,190,88
Nicholas Gray,34,trevor14@example.net,184,94
Michelle Wood,29,jgarcia@example.net,175,83
Matthew Riley,32,robert67@example.org,180,71
Zachary Brown,48,nicole67@example.com,188,56
Steven Miller,21,kelly26@example.org,189,63
Jordan Obrien,27,michellestout@example.net,176,85
Glenn Morrison,48,jillian23@example.com,176,96
Sheila Johnson,47,fsimmons@example.net,184,74
Donald Perez,44,walterselizabeth@example.org,185,98
George Burgess,35,justin18@example.net,152,80
James Clark,23,amykelley@example.com,152,75
Kevin Schneider,32,vjohnson@example.com,174,51
William Atkins,22,jonathan68@example.org,166,87
Mr. Jason Smith,40,nortonmelissa@example.org,156,71
Douglas Brooks,41,hsheppard@example.net,160,58
Jason Santiago,42,duncanrichard@example.net,159,65
Leslie Ferguson,42,jacksonelizabeth@example.net,183,63
Holly Taylor,37,darrenbowers@example.net,185,54
Jonathan Mcdaniel,27,williearellano@example.net,163,99
Matthew Sanchez,34,emily87@example.org,170,50
Vanessa Carroll,37,davissherri@example.org,151,88
Patricia Knox,46,cynthiaswanson@example.net,185,86
Elizabeth Hayes,35,jhanson@example.com,161,90
Jesus Blanchard,47,bethany16@example.net,193,78
Steven Miranda,44,moodytravis@example.org,165,79
Jeffrey Collier,40,ebryant@example.net,153,77
John Winters,21,matthew04@example.org,166,63
Grace Heath,23,tyler33@example.net,185,89
Jennifer Schroeder,25,yroberts@example.org,169,81
Andrew Franklin,41,tclark@example.org,165,88
Jessica Jenkins MD,42,rwells@example.org,187,81
Jesse Elliott,37,sierrarodriguez@example.com,194,72
Sean Fowler,30,crussell@example.org,192,74
Kelsey Campbell,34,kennethmyers@example.net,179,74
Amanda Drake,39,kevinhatfield@example.com,176,98
Justin Garcia,25,amythompson@example.net,166,89
Angela Ramos,42,jessica04@example.com,159,82
Jessica David,32,rodriguezalicia@example.com,175,56
Amber Smith,33,alexandersummers@example.org,188,72
Tracy Williams,34,scottbarton@example.com,193,70
Gary Ellis,49,bryan87@example.com,171,74
Rodney Sanchez,45,ijames@example.net,166,64
Sarah Thompson,35,jessebarrett@example.org,198,88
Amanda Gomez,43,robert83@example.com,199,59
Brian Wade,35,williamwilson@example.net,181,56
Chelsea Howell,32,hoffmanchristine@example.net,150,77
Destiny Chambers,30,samantha09@example.org,188,82
Mary Sparks,22,dgeorge@example.net,183,87
Gregory Hanson,33,kristy87@example.org,194,68
Joel Nolan,48,taylorsarah@example.com,179,71
Katie Poole,43,jason88@example.org,177,86
Thomas Reyes,47,olivertodd@example.net,173,54
Regina Rodriguez,47,ashley44@example.net,193,86
Arthur Gutierrez,48,urichards@example.net,176,51
Ruth Valdez,23,obrienjustin@example.com,173,87
Lindsay Briggs,24,theresa17@example.org,159,71
Kayla Short,31,brandonwilliams@example.net,175,77
Mindy Bennett,34,ytorres@example.org,191,94
Thomas Simpson,41,williamfisher@example.org,191,81
Daniel Austin,26,william33@example.net,157,83
Robin Deleon,31,barnesdavid@example.org,161,80
Melissa Martinez,48,kmaxwell@example.org,168,74
Susan Barnett,34,htrujillo@example.org,199,77
Aaron Fuentes,42,jeffrey85@example.com,160,83
Denise Burgess,36,alyssa92@example.com,164,66
Jacqueline Perez,22,nathanielayers@example.org,181,85
Sheila Phillips,34,oburns@example.com,189,93
Gregory Johnson,40,mlowe@example.org,184,75
Amanda Jordan,36,awright@example.net,154,96
Aaron Castaneda,48,frank96@example.net,175,83
Jessica Ruiz,32,walkerjasmine@example.com,154,84
Brandon Gilbert,21,ismith@example.com,194,59
Phillip Mullins,27,mjohnson@example.com,180,52
Robert Martinez,45,ashleyreyes@example.org,164,82
Greg Smith,46,alvaradokristine@example.org,167,87
Rebecca Craig,48,kellis@example.org,191,59
Laurie Brown,40,vangjeffrey@example.net,195,73
Erin French,37,codydavis@example.com,151,92
Thomas Hernandez,48,christopher34@example.com,167,84
Melissa Valdez,46,johncastaneda@example.org,195,96
Benjamin Brady,37,andersonmelinda@example.org,183,60
Jonathan Moore,41,kenneth92@example.org,187,99
Crystal Clarke DDS,31,gregory63@example.org,181,86
Madeline Matthews,25,tbryant@example.net,178,99
Robert Brown,30,oharris@example.com,183,71
Maria Price,31,adammatthews@example.com,182,78
Tiffany Fitzpatrick,29,brianmoran@example.org,182,80
Aaron Hansen,38,brandy93@example.com,199,72
Jerry Melton,35,larrystanton@example.net,198,69
Joshua Davis,47,kathleenwhite@example.com,152,54
Gary Wilson,43,rcampbell@example.org,157,72
Amy Hunter,42,danielsonya@example.org,173,97
Charles Williams,37,uwillis@example.org,167,68
Elizabeth Booth,49,vargasalan@example.org,189,99
Eddie Strong,41,kaylaashley@example.org,165,55
Valerie Mata,35,williebrown@example.org,161,80
Christine Brown,25,april29@example.org,188,99
Jason Gilbert,38,rwilliams@example.com,186,53
Ashley Miller,26,scottgonzalez@example.net,162,79
Richard Moss,43,christysnyder@example.com,198,69
Eric Johnson,29,edwardsrenee@example.net,197,88
Theresa Brooks,22,hmiller@example.net,173,77
Shelby Williams,34,vmills@example.net,199,53
John Anderson,39,callahanjessica@example.com,195,72
Jessica White,44,nataliewhite@example.org,195,50
Ronnie Johnson,24,foxjerry@example.net,182,62
Nathan Poole,36,carol38@example.com,165,81
Kendra Sanchez,43,kholt@example.org,159,55
Eric Alvarez,41,alexis36@example.net,177,77
Bethany Lee,32,johnsonashley@example.com,163,51
Karen Smith,31,philip37@example.com,163,91
Ashlee Potter,31,allisondavis@example.net,192,88
Mrs. Katelyn Wells,29,knappallison@example.com,156,51
Clifford Jensen,39,anthonywillis@example.net,157,83
David Medina,36,karenjones@example.com,180,73
Jennifer Gilmore,38,melissacortez@example.com,177,62
Heather Shelton,49,slopez@example.net,180,99
Jody Knapp,48,james69@example.com,152,94
Roger Hunter,34,codybarry@example.com,150,83
Margaret Duncan,42,sbartlett@example.com,152,99
Edward Ramirez,33,ihutchinson@example.org,194,75
Vincent Kennedy,34,lauragriffith@example.net,160,81
Sonya Murray,23,dreeves@example.org,191,82
Jason Perry,32,chadhall@example.org,157,97
Nancy Barrera,33,nortonjoel@example.com,174,87
Nicole Morgan,42,juliabaldwin@example.com,175,56
Jesse Nguyen,40,andersontammy@example.com,151,83
Donna Casey,41,vbaker@example.com,173,83
Angela Obrien,47,romerotodd@example.net,157,56
Kayla Sanchez,22,warrenchristopher@example.net,171,61
Gregory Harris,42,cabreradiana@example.org,172,92
Sabrina Walker,31,russoanthony@example.net,164,64
Brandy Hernandez,40,joneslori@example.org,157,90
Roberto Matthews,42,william35@example.org,198,82
Brandon Evans,24,olsentyler@example.org,169,98
Christina Williams,35,coreygarcia@example.net,192,66
Leroy Combs,30,kelly82@example.net,188,95
Earl Irwin,47,meghan65@example.net,188,83
Tracy Singleton,24,matthew22@example.org,175,60
Kenneth Clayton,31,zacharyfernandez@example.net,164,68
Kenneth Camacho,29,matthew79@example.org,173,72
Karen Vaughn,33,michaelacook@example.com,170,62
Alyssa Potter,41,bsmith@example.net,161,56
Heidi Dunn,35,curtispeterson@example.com,188,82
Stephen Day,23,kathleen85@example.net,150,74
Darren Fields,26,marshallderek@example.org,172,59
Ryan Robinson,24,ijohnson@example.org,193,77
Billy Brown,47,brookerivera@example.com,195,64
Megan Montoya,48,thomas59@example.com,197,87
Benjamin Arias,44,janebell@example.com,197,84
Elizabeth Contreras,25,steven04@example.org,168,92
Courtney Rodriguez,23,anthonythomas@example.com,168,59
Kyle Harrell,36,williampeters@example.org,191,63
Christopher Scott MD,27,wriley@example.com,175,96
Robert Dorsey,46,sandrajohnson@example.com,164,77
Brett Daugherty,34,psanders@example.org,152,52
Mary Smith,23,wilkersonjoshua@example.net,167,67
Olivia Valencia,23,stacy83@example.net,181,85
Shawn Lutz,46,heather61@example.com,160,76
Travis Bates,24,rsweeney@example.com,170,94
Brandi Jackson,28,lorihowell@example.com,191,60
Mason Turner,38,snydernancy@example.net,174,83
Debra Graham,22,jamie44@example.org,193,96
Lee Copeland,37,lisa19@example.com,166,57
Susan Miller,28,thomas30@example.com,181,87
Chase Graves,29,pmiller@example.net,192,76
Gabriel Hanson,25,xkim@example.com,154,91
Edward Pierce,35,nixondawn@example.org,173,93
Wesley Coleman,27,blakeluis@example.org,163,92
Taylor Cobb,46,davissteven@example.com,153,75
Nancy Williams MD,32,mhernandez@example.org,193,74
Richard Robertson,47,mary24@example.net,156,79
Erin Howell,38,gregorymiller@example.com,179,79
Kari Davis,37,ronnie35@example.net,187,90
Ms. Jenny Horn MD,41,brittneydiaz@example.org,152,72
Michele Ortiz,23,jessica80@example.net,164,91
Justin Cline,31,lopezanna@example.com,164,52
Aaron Hicks,29,bakergregory@example.net,175,77
Erika Graham,36,chavezaaron@example.com,190,85
Jillian Garcia,23,michellecantrell@example.net,195,63
Keith Herrera,37,rebekah30@example.org,170,86
Justin Acosta,42,callahanallen@example.com,183,58
Ashley Johnson,32,wmccarty@example.net,171,61
Donald Hayes,43,teresapatrick@example.org,189,59
Dustin Hernandez,43,johnrobertson@example.com,186,59
William Fitzgerald,33,chadchambers@example.com,171,51
Stephanie Le,24,roger62@example.net,181,65
Abigail Brown,25,davidcamacho@example.net,155,54
Mark Elliott,30,joshuawest@example.com,172,60
Kimberly Graham,33,sandrajames@example.org,191,70
Timothy Robinson,48,mtodd@example.org,189,93
Amber Gallagher,25,williamswilliam@example.org,180,53
Jennifer Jackson,24,ericjackson@example.net,191,69
Tammy Peck,33,bjohnson@example.com,182,81
Leah Livingston,28,sergiowalsh@example.org,188,84
Melissa Chavez,22,hamiltonstanley@example.com,156,52
Mark Wilcox,28,brockjacqueline@example.org,168,87
Laura Martinez DDS,45,williamharrell@example.com,177,96
Christine Harvey,28,cameronpatricia@example.com,164,70
James Wagner,25,danielsmith@example.org,151,78
Kathleen Wilson,35,cthomas@example.net,177,87
Vanessa Williams,27,amanda08@example.com,185,53
Megan Potter,22,nkelly@example.org,194,72
Michael Hurst,35,vangjon@example.com,156,76
Jacqueline Austin,47,parsonschristopher@example.org,168,84
Debra Lester,32,kmosley@example.com,161,68
Ms. Angela Lee,34,sethboyd@example.net,170,83
Elizabeth Reynolds,46,deborah68@example.org,152,85
Gina Mccoy,35,morgan58@example.org,156,78
Phillip Meyer,27,cooperjohn@example.com,155,71
Jeffrey Salazar,40,anthony30@example.com,170,86
Pamela Solis,30,villanuevamichael@example.net,186,62
Emily Sanchez,37,john83@example.net,181,55
Morgan Walker,37,nelsonjeffrey@example.org,169,68
Bruce Hayden,22,kathleenrose@example.com,161,59
Ronald Oliver,24,jose81@example.net,189,94
Samantha Browning,24,kennethburns@example.org,198,96
Gregory Taylor,47,mcbridejohn@example.net,151,71
Sean Bennett,44,qbarnes@example.net,193,89
Rickey Brown,28,wheeleraaron@example.net,199,77
Leah Davies,45,brittanysolomon@example.com,175,75
Jill Cantrell MD,23,cheryl23@example.com,168,60
James Rodriguez,36,jesus56@example.org,152,89
Angela James,47,jamescross@example.com,199,68
Alice Black,46,madisonnelson@example.net,153,82
Charles Graham,30,rdavis@example.com,174,67
Connor Brown,34,sarahsantos@example.net,159,56
James Howell,24,heather66@example.net,189,57
Richard Hughes,42,lopezchristina@example.org,172,88
Ashley Freeman,24,marywagner@example.net,168,75
